5.041.001.999,unstable,5.41.1,https://cpan.metacpan.org/authors/id/B/BO/BOOK/perl-5.41.1.tar.gz,https://cpan.metacpan.org/authors/id/B/BO/BOOK/perl-5.41.1.tar.xz,,
5.040.000.999,stable,5.40.0,https://cpan.metacpan.org/authors/id/H/HA/HAARG/perl-5.40.0.tar.gz,https://cpan.metacpan.org/authors/id/H/HA/HAARG/perl-5.40.0.tar.xz,latest,
5.040.000.002,testing,5.40.0-RC2,https://cpan.metacpan.org/authors/id/H/HA/HAARG/perl-5.40.0-RC2.tar.gz,https://cpan.metacpan.org/authors/id/H/HA/HAARG/perl-5.40.0-RC2.tar.xz,,
5.040.000.001,testing,5.40.0-RC1,https://cpan.metacpan.org/authors/id/H/HA/HAARG/perl-5.40.0-RC1.tar.gz,https://cpan.metacpan.org/authors/id/H/HA/HAARG/perl-5.40.0-RC1.tar.xz,,
5.039.010.999,unstable,5.39.10,https://cpan.metacpan.org/authors/id/P/PE/PEVANS/perl-5.39.10.tar.gz,https://cpan.metacpan.org/authors/id/P/PE/PEVANS/perl-5.39.10.tar.xz,,
5.039.009.999,unstable,5.39.9,https://cpan.metacpan.org/authors/id/P/PE/PEVANS/perl-5.39.9.tar.gz,https://cpan.metacpan.org/authors/id/P/PE/PEVANS/perl-5.39.9.tar.xz,,
5.039.008.999,unstable,5.39.8,https://cpan.metacpan.org/authors/id/R/RE/RENEEB/perl-5.39.8.tar.gz,https://cpan.metacpan.org/authors/id/R/RE/RENEEB/perl-5.39.8.tar.xz,,
5.039.007.999,unstable,5.39.7,https://cpan.metacpan.org/authors/id/C/CO/CORION/perl-5.39.7.tar.gz,https://cpan.metacpan.org/authors/id/C/CO/CORION/perl-5.39.7.tar.xz,,
5.039.006.999,unstable,5.39.6,https://cpan.metacpan.org/authors/id/B/BO/BOOK/perl-5.39.6.tar.gz,https://cpan.metacpan.org/authors/id/B/BO/BOOK/perl-5.39.6.tar.xz,,
5.039.005.999,unstable,5.39.5,https://cpan.metacpan.org/authors/id/E/ET/ETHER/perl-5.39.5.tar.gz,https://cpan.metacpan.org/authors/id/E/ET/ETHER/perl-5.39.5.tar.xz,,
5.039.004.999,unstable,5.39.4,https://cpan.metacpan.org/authors/id/H/HA/HAARG/perl-5.39.4.tar.gz,https://cpan.metacpan.org/authors/id/H/HA/HAARG/perl-5.39.4.tar.xz,,
5.039.003.999,unstable,5.39.3,https://cpan.metacpan.org/authors/id/W/WO/WOLFSAGE/perl-5.39.3.tar.gz,https://cpan.metacpan.org/authors/id/W/WO/WOLFSAGE/perl-5.39.3.tar.xz,,
5.039.002.999,unstable,5.39.2,https://cpan.metacpan.org/authors/id/P/PE/PEVANS/perl-5.39.2.tar.gz,https://cpan.metacpan.org/authors/id/P/PE/PEVANS/perl-5.39.2.tar.xz,,
5.039.001.999,unstable,5.39.1,https://cpan.metacpan.org/authors/id/S/SH/SHAY/perl-5.39.1.tar.gz,https://cpan.metacpan.org/authors/id/S/SH/SHAY/perl-5.39.1.tar.xz,,
5.038.002.999,stable,5.38.2,https://cpan.metacpan.org/authors/id/P/PE/PEVANS/perl-5.38.2.tar.gz,https://cpan.metacpan.org/authors/id/P/PE/PEVANS/perl-5.38.2.tar.xz,latest,
5.038.001.999,stable,5.38.1,https://cpan.metacpan.org/authors/id/P/PE/PEVANS/perl-5.38.1.tar.gz,https://cpan.metacpan.org/authors/id/P/PE/PEVANS/perl-5.38.1.tar.xz,,
5.038.000.999,stable,5.38.0,https://cpan.metacpan.org/authors/id/R/RJ/RJBS/perl-5.38.0.tar.gz,https://cpan.metacpan.org/authors/id/R/RJ/RJBS/perl-5.38.0.tar.xz,,
5.038.000.002,testing,5.38.0-RC2,https://cpan.metacpan.org/authors/id/R/RJ/RJBS/perl-5.38.0-RC2.tar.gz,https://cpan.metacpan.org/authors/id/R/RJ/RJBS/perl-5.38.0-RC2.tar.xz,,
5.038.000.001,testing,5.38.0-RC1,https://cpan.metacpan.org/authors/id/R/RJ/RJBS/perl-5.38.0-RC1.tar.gz,https://cpan.metacpan.org/authors/id/R/RJ/RJBS/perl-5.38.0-RC1.tar.xz,,
5.037.011.999,unstable,5.37.11,https://cpan.metacpan.org/authors/id/S/SH/SHAY/perl-5.37.11.tar.gz,https://cpan.metacpan.org/authors/id/S/SH/SHAY/perl-5.37.11.tar.xz,,
5.037.010.999,unstable,5.37.10,https://cpan.metacpan.org/authors/id/Y/YV/YVES/perl-5.37.10.tar.gz,https://cpan.metacpan.org/authors/id/Y/YV/YVES/perl-5.37.10.tar.xz,,
5.037.009.999,unstable,5.37.9,https://cpan.metacpan.org/authors/id/E/ET/ETHER/perl-5.37.9.tar.gz,https://cpan.metacpan.org/authors/id/E/ET/ETHER/perl-5.37.9.tar.xz,,
5.037.008.999,unstable,5.37.8,https://cpan.metacpan.org/authors/id/R/RE/RENEEB/perl-5.37.8.tar.gz,https://cpan.metacpan.org/authors/id/R/RE/RENEEB/perl-5.37.8.tar.xz,,
5.037.007.999,unstable,5.37.7,https://cpan.metacpan.org/authors/id/H/HY/HYDAHY/perl-5.37.7.tar.gz,https://cpan.metacpan.org/authors/id/H/HY/HYDAHY/perl-5.37.7.tar.xz,,
5.037.006.999,unstable,5.37.6,https://cpan.metacpan.org/authors/id/C/CO/CORION/perl-5.37.6.tar.gz,https://cpan.metacpan.org/authors/id/C/CO/CORION/perl-5.37.6.tar.xz,,
5.037.005.999,unstable,5.37.5,https://cpan.metacpan.org/authors/id/T/TO/TODDR/perl-5.37.5.tar.gz,https://cpan.metacpan.org/authors/id/T/TO/TODDR/perl-5.37.5.tar.xz,,
5.037.004.999,unstable,5.37.4,https://cpan.metacpan.org/authors/id/E/ET/ETHER/perl-5.37.4.tar.gz,https://cpan.metacpan.org/authors/id/E/ET/ETHER/perl-5.37.4.tar.xz,,
5.037.003.999,unstable,5.37.3,https://cpan.metacpan.org/authors/id/N/NE/NEILB/perl-5.37.3.tar.gz,https://cpan.metacpan.org/authors/id/N/NE/NEILB/perl-5.37.3.tar.xz,,
5.037.002.999,unstable,5.37.2,https://cpan.metacpan.org/authors/id/A/AT/ATOOMIC/perl-5.37.2.tar.gz,https://cpan.metacpan.org/authors/id/A/AT/ATOOMIC/perl-5.37.2.tar.xz,,
5.037.001.999,unstable,5.37.1,https://cpan.metacpan.org/authors/id/W/WO/WOLFSAGE/perl-5.37.1.tar.gz,https://cpan.metacpan.org/authors/id/W/WO/WOLFSAGE/perl-5.37.1.tar.xz,,
5.037.000.999,unstable,5.37.0,https://cpan.metacpan.org/authors/id/R/RJ/RJBS/perl-5.37.0.tar.gz,https://cpan.metacpan.org/authors/id/R/RJ/RJBS/perl-5.37.0.tar.xz,,
5.036.003.999,stable,5.36.3,https://cpan.metacpan.org/authors/id/P/PE/PEVANS/perl-5.36.3.tar.gz,https://cpan.metacpan.org/authors/id/P/PE/PEVANS/perl-5.36.3.tar.xz,latest,
5.036.002.999,stable,5.36.2,https://cpan.metacpan.org/authors/id/P/PE/PEVANS/perl-5.36.2.tar.gz,https://cpan.metacpan.org/authors/id/P/PE/PEVANS/perl-5.36.2.tar.xz,,
5.036.001.999,stable,5.36.1,https://cpan.metacpan.org/authors/id/S/SH/SHAY/perl-5.36.1.tar.gz,https://cpan.metacpan.org/authors/id/S/SH/SHAY/perl-5.36.1.tar.xz,,
5.036.001.003,testing,5.36.1-RC3,https://cpan.metacpan.org/authors/id/S/SH/SHAY/perl-5.36.1-RC3.tar.gz,https://cpan.metacpan.org/authors/id/S/SH/SHAY/perl-5.36.1-RC3.tar.xz,,
5.036.001.002,testing,5.36.1-RC2,https://cpan.metacpan.org/authors/id/S/SH/SHAY/perl-5.36.1-RC2.tar.gz,https://cpan.metacpan.org/authors/id/S/SH/SHAY/perl-5.36.1-RC2.tar.xz,,
5.036.001.001,testing,5.36.1-RC1,https://cpan.metacpan.org/authors/id/S/SH/SHAY/perl-5.36.1-RC1.tar.gz,https://cpan.metacpan.org/authors/id/S/SH/SHAY/perl-5.36.1-RC1.tar.xz,,
5.036.000.999,stable,5.36.0,https://cpan.metacpan.org/authors/id/R/RJ/RJBS/perl-5.36.0.tar.gz,https://cpan.metacpan.org/authors/id/R/RJ/RJBS/perl-5.36.0.tar.xz,,
5.036.000.003,testing,5.36.0-RC3,https://cpan.metacpan.org/authors/id/R/RJ/RJBS/perl-5.36.0-RC3.tar.gz,https://cpan.metacpan.org/authors/id/R/RJ/RJBS/perl-5.36.0-RC3.tar.xz,,
5.036.000.002,testing,5.36.0-RC2,https://cpan.metacpan.org/authors/id/R/RJ/RJBS/perl-5.36.0-RC2.tar.gz,https://cpan.metacpan.org/authors/id/R/RJ/RJBS/perl-5.36.0-RC2.tar.xz,,
5.035.011.999,unstable,5.35.11,https://cpan.metacpan.org/authors/id/S/SH/SHAY/perl-5.35.11.tar.gz,https://cpan.metacpan.org/authors/id/S/SH/SHAY/perl-5.35.11.tar.xz,,
5.035.010.999,unstable,5.35.10,https://cpan.metacpan.org/authors/id/X/XS/XSAWYERX/perl-5.35.10.tar.gz,https://cpan.metacpan.org/authors/id/X/XS/XSAWYERX/perl-5.35.10.tar.xz,,
5.035.009.999,unstable,5.35.9,https://cpan.metacpan.org/authors/id/R/RE/RENEEB/perl-5.35.9.tar.gz,https://cpan.metacpan.org/authors/id/R/RE/RENEEB/perl-5.35.9.tar.xz,,
5.035.008.999,unstable,5.35.8,https://cpan.metacpan.org/authors/id/A/AT/ATOOMIC/perl-5.35.8.tar.gz,https://cpan.metacpan.org/authors/id/A/AT/ATOOMIC/perl-5.35.8.tar.xz,,
5.035.007.999,unstable,5.35.7,https://cpan.metacpan.org/authors/id/N/NE/NEILB/perl-5.35.7.tar.gz,https://cpan.metacpan.org/authors/id/N/NE/NEILB/perl-5.35.7.tar.xz,,
5.035.006.999,unstable,5.35.6,https://cpan.metacpan.org/authors/id/H/HY/HYDAHY/perl-5.35.6.tar.gz,https://cpan.metacpan.org/authors/id/H/HY/HYDAHY/perl-5.35.6.tar.xz,,
5.035.005.999,unstable,5.35.5,https://cpan.metacpan.org/authors/id/L/LE/LEONT/perl-5.35.5.tar.gz,https://cpan.metacpan.org/authors/id/L/LE/LEONT/perl-5.35.5.tar.xz,,
5.035.004.999,unstable,5.35.4,https://cpan.metacpan.org/authors/id/W/WO/WOLFSAGE/perl-5.35.4.tar.gz,https://cpan.metacpan.org/authors/id/W/WO/WOLFSAGE/perl-5.35.4.tar.xz,,
5.035.003.999,unstable,5.35.3,https://cpan.metacpan.org/authors/id/E/ET/ETHER/perl-5.35.3.tar.gz,https://cpan.metacpan.org/authors/id/E/ET/ETHER/perl-5.35.3.tar.xz,,
5.035.002.999,unstable,5.35.2,https://cpan.metacpan.org/authors/id/N/NE/NEILB/perl-5.35.2.tar.gz,https://cpan.metacpan.org/authors/id/N/NE/NEILB/perl-5.35.2.tar.xz,,
5.035.001.999,unstable,5.35.1,https://cpan.metacpan.org/authors/id/C/CO/CORION/perl-5.35.1.tar.gz,https://cpan.metacpan.org/authors/id/C/CO/CORION/perl-5.35.1.tar.xz,,
5.035.000.999,unstable,5.35.0,https://cpan.metacpan.org/authors/id/R/RJ/RJBS/perl-5.35.0.tar.gz,https://cpan.metacpan.org/authors/id/R/RJ/RJBS/perl-5.35.0.tar.xz,,
5.034.003.999,stable,5.34.3,https://cpan.metacpan.org/authors/id/P/PE/PEVANS/perl-5.34.3.tar.gz,https://cpan.metacpan.org/authors/id/P/PE/PEVANS/perl-5.34.3.tar.xz,latest,
5.034.002.999,stable,5.34.2,https://cpan.metacpan.org/authors/id/P/PE/PEVANS/perl-5.34.2.tar.gz,https://cpan.metacpan.org/authors/id/P/PE/PEVANS/perl-5.34.2.tar.xz,,
5.034.001.999,stable,5.34.1,https://cpan.metacpan.org/authors/id/S/SH/SHAY/perl-5.34.1.tar.gz,https://cpan.metacpan.org/authors/id/S/SH/SHAY/perl-5.34.1.tar.xz,,
5.034.001.002,testing,5.34.1-RC2,https://cpan.metacpan.org/authors/id/S/SH/SHAY/perl-5.34.1-RC2.tar.gz,https://cpan.metacpan.org/authors/id/S/SH/SHAY/perl-5.34.1-RC2.tar.xz,,
5.034.001.001,testing,5.34.1-RC1,https://cpan.metacpan.org/authors/id/S/SH/SHAY/perl-5.34.1-RC1.tar.gz,https://cpan.metacpan.org/authors/id/S/SH/SHAY/perl-5.34.1-RC1.tar.xz,,
5.034.000.999,stable,5.34.0,https://cpan.metacpan.org/authors/id/X/XS/XSAWYERX/perl-5.34.0.tar.gz,https://cpan.metacpan.org/authors/id/X/XS/XSAWYERX/perl-5.34.0.tar.xz,,
5.034.000.002,testing,5.34.0-RC2,https://cpan.metacpan.org/authors/id/X/XS/XSAWYERX/perl-5.34.0-RC2.tar.gz,https://cpan.metacpan.org/authors/id/X/XS/XSAWYERX/perl-5.34.0-RC2.tar.xz,,
5.034.000.001,testing,5.34.0-RC1,https://cpan.metacpan.org/authors/id/X/XS/XSAWYERX/perl-5.34.0-RC1.tar.gz,https://cpan.metacpan.org/authors/id/X/XS/XSAWYERX/perl-5.34.0-RC1.tar.xz,,
5.033.009.999,unstable,5.33.9,https://cpan.metacpan.org/authors/id/T/TO/TODDR/perl-5.33.9.tar.gz,https://cpan.metacpan.org/authors/id/T/TO/TODDR/perl-5.33.9.tar.xz,,
5.033.008.999,unstable,5.33.8,https://cpan.metacpan.org/authors/id/A/AT/ATOOMIC/perl-5.33.8.tar.gz,https://cpan.metacpan.org/authors/id/A/AT/ATOOMIC/perl-5.33.8.tar.xz,,
5.033.007.999,unstable,5.33.7,https://cpan.metacpan.org/authors/id/R/RE/RENEEB/perl-5.33.7.tar.gz,https://cpan.metacpan.org/authors/id/R/RE/RENEEB/perl-5.33.7.tar.xz,,
5.033.006.999,unstable,5.33.6,https://cpan.metacpan.org/authors/id/H/HY/HYDAHY/perl-5.33.6.tar.gz,https://cpan.metacpan.org/authors/id/H/HY/HYDAHY/perl-5.33.6.tar.xz,,
5.033.005.999,unstable,5.33.5,https://cpan.metacpan.org/authors/id/C/CO/CORION/perl-5.33.5.tar.gz,https://cpan.metacpan.org/authors/id/C/CO/CORION/perl-5.33.5.tar.xz,,
5.033.004.999,unstable,5.33.4,https://cpan.metacpan.org/authors/id/T/TO/TOMHUKINS/perl-5.33.4.tar.gz,https://cpan.metacpan.org/authors/id/T/TO/TOMHUKINS/perl-5.33.4.tar.xz,,
5.033.003.999,unstable,5.33.3,https://cpan.metacpan.org/authors/id/S/SH/SHAY/perl-5.33.3.tar.gz,https://cpan.metacpan.org/authors/id/S/SH/SHAY/perl-5.33.3.tar.xz,,
5.033.002.999,unstable,5.33.2,https://cpan.metacpan.org/authors/id/X/XS/XSAWYERX/perl-5.33.2.tar.gz,https://cpan.metacpan.org/authors/id/X/XS/XSAWYERX/perl-5.33.2.tar.xz,,
5.033.001.999,unstable,5.33.1,https://cpan.metacpan.org/authors/id/E/ET/ETHER/perl-5.33.1.tar.gz,https://cpan.metacpan.org/authors/id/E/ET/ETHER/perl-5.33.1.tar.xz,,
5.033.000.999,unstable,5.33.0,https://cpan.metacpan.org/authors/id/X/XS/XSAWYERX/perl-5.33.0.tar.gz,https://cpan.metacpan.org/authors/id/X/XS/XSAWYERX/perl-5.33.0.tar.xz,,
5.032.001.999,stable,5.32.1,https://cpan.metacpan.org/authors/id/S/SH/SHAY/perl-5.32.1.tar.gz,https://cpan.metacpan.org/authors/id/S/SH/SHAY/perl-5.32.1.tar.xz,latest,
5.032.001.001,testing,5.32.1-RC1,https://cpan.metacpan.org/authors/id/S/SH/SHAY/perl-5.32.1-RC1.tar.gz,https://cpan.metacpan.org/authors/id/S/SH/SHAY/perl-5.32.1-RC1.tar.xz,,
5.032.000.999,stable,5.32.0,https://cpan.metacpan.org/authors/id/X/XS/XSAWYERX/perl-5.32.0.tar.gz,https://cpan.metacpan.org/authors/id/X/XS/XSAWYERX/perl-5.32.0.tar.xz,,
5.032.000.001,testing,5.32.0-RC1,https://cpan.metacpan.org/authors/id/X/XS/XSAWYERX/perl-5.32.0-RC1.tar.gz,https://cpan.metacpan.org/authors/id/X/XS/XSAWYERX/perl-5.32.0-RC1.tar.xz,,
5.032.000.000,testing,5.32.0-RC0,https://cpan.metacpan.org/authors/id/X/XS/XSAWYERX/perl-5.32.0-RC0.tar.gz,https://cpan.metacpan.org/authors/id/X/XS/XSAWYERX/perl-5.32.0-RC0.tar.xz,,
5.031.011.999,unstable,5.31.11,https://cpan.metacpan.org/authors/id/X/XS/XSAWYERX/perl-5.31.11.tar.gz,https://cpan.metacpan.org/authors/id/X/XS/XSAWYERX/perl-5.31.11.tar.xz,,
5.031.010.999,unstable,5.31.10,https://cpan.metacpan.org/authors/id/X/XS/XSAWYERX/perl-5.31.10.tar.gz,https://cpan.metacpan.org/authors/id/X/XS/XSAWYERX/perl-5.31.10.tar.xz,,
5.031.009.999,unstable,5.31.9,https://cpan.metacpan.org/authors/id/R/RE/RENEEB/perl-5.31.9.tar.gz,https://cpan.metacpan.org/authors/id/R/RE/RENEEB/perl-5.31.9.tar.xz,,
5.031.008.999,unstable,5.31.8,https://cpan.metacpan.org/authors/id/W/WO/WOLFSAGE/perl-5.31.8.tar.gz,https://cpan.metacpan.org/authors/id/W/WO/WOLFSAGE/perl-5.31.8.tar.xz,,
5.031.007.999,unstable,5.31.7,https://cpan.metacpan.org/authors/id/A/AT/ATOOMIC/perl-5.31.7.tar.gz,https://cpan.metacpan.org/authors/id/A/AT/ATOOMIC/perl-5.31.7.tar.xz,,
5.031.006.999,unstable,5.31.6,https://cpan.metacpan.org/authors/id/B/BI/BINGOS/perl-5.31.6.tar.gz,https://cpan.metacpan.org/authors/id/B/BI/BINGOS/perl-5.31.6.tar.xz,,
5.031.005.999,unstable,5.31.5,https://cpan.metacpan.org/authors/id/S/SH/SHAY/perl-5.31.5.tar.gz,https://cpan.metacpan.org/authors/id/S/SH/SHAY/perl-5.31.5.tar.xz,,
5.031.004.999,unstable,5.31.4,https://cpan.metacpan.org/authors/id/C/CO/CORION/perl-5.31.4.tar.gz,https://cpan.metacpan.org/authors/id/C/CO/CORION/perl-5.31.4.tar.xz,,
5.031.003.999,unstable,5.31.3,https://cpan.metacpan.org/authors/id/T/TO/TOMHUKINS/perl-5.31.3.tar.gz,https://cpan.metacpan.org/authors/id/T/TO/TOMHUKINS/perl-5.31.3.tar.xz,,
5.031.002.999,unstable,5.31.2,https://cpan.metacpan.org/authors/id/S/SH/SHAY/perl-5.31.2.tar.gz,https://cpan.metacpan.org/authors/id/S/SH/SHAY/perl-5.31.2.tar.xz,,
5.031.001.999,unstable,5.31.1,https://cpan.metacpan.org/authors/id/E/ET/ETHER/perl-5.31.1.tar.gz,https://cpan.metacpan.org/authors/id/E/ET/ETHER/perl-5.31.1.tar.xz,,
5.031.000.999,unstable,5.31.0,https://cpan.metacpan.org/authors/id/X/XS/XSAWYERX/perl-5.31.0.tar.gz,https://cpan.metacpan.org/authors/id/X/XS/XSAWYERX/perl-5.31.0.tar.xz,,
5.030.003.999,stable,5.30.3,https://cpan.metacpan.org/authors/id/X/XS/XSAWYERX/perl-5.30.3.tar.gz,https://cpan.metacpan.org/authors/id/X/XS/XSAWYERX/perl-5.30.3.tar.xz,latest,
5.030.003.001,testing,5.30.3-RC1,https://cpan.metacpan.org/authors/id/X/XS/XSAWYERX/perl-5.30.3-RC1.tar.gz,https://cpan.metacpan.org/authors/id/X/XS/XSAWYERX/perl-5.30.3-RC1.tar.xz,,
5.030.002.999,stable,5.30.2,https://cpan.metacpan.org/authors/id/S/SH/SHAY/perl-5.30.2.tar.gz,https://cpan.metacpan.org/authors/id/S/SH/SHAY/perl-5.30.2.tar.xz,,
5.030.002.001,testing,5.30.2-RC1,https://cpan.metacpan.org/authors/id/S/SH/SHAY/perl-5.30.2-RC1.tar.gz,https://cpan.metacpan.org/authors/id/S/SH/SHAY/perl-5.30.2-RC1.tar.xz,,
5.030.001.999,stable,5.30.1,https://cpan.metacpan.org/authors/id/S/SH/SHAY/perl-5.30.1.tar.gz,https://cpan.metacpan.org/authors/id/S/SH/SHAY/perl-5.30.1.tar.xz,,
5.030.001.001,testing,5.30.1-RC1,https://cpan.metacpan.org/authors/id/S/SH/SHAY/perl-5.30.1-RC1.tar.gz,https://cpan.metacpan.org/authors/id/S/SH/SHAY/perl-5.30.1-RC1.tar.xz,,
5.030.000.999,stable,5.30.0,https://cpan.metacpan.org/authors/id/X/XS/XSAWYERX/perl-5.30.0.tar.gz,https://cpan.metacpan.org/authors/id/X/XS/XSAWYERX/perl-5.30.0.tar.xz,,
5.030.000.002,testing,5.30.0-RC2,https://cpan.metacpan.org/authors/id/X/XS/XSAWYERX/perl-5.30.0-RC2.tar.gz,https://cpan.metacpan.org/authors/id/X/XS/XSAWYERX/perl-5.30.0-RC2.tar.xz,,
5.030.000.001,testing,5.30.0-RC1,https://cpan.metacpan.org/authors/id/X/XS/XSAWYERX/perl-5.30.0-RC1.tar.gz,https://cpan.metacpan.org/authors/id/X/XS/XSAWYERX/perl-5.30.0-RC1.tar.xz,,
5.029.010.999,unstable,5.29.10,https://cpan.metacpan.org/authors/id/X/XS/XSAWYERX/perl-5.29.10.tar.gz,https://cpan.metacpan.org/authors/id/X/XS/XSAWYERX/perl-5.29.10.tar.xz,,
5.029.009.999,unstable,5.29.9,https://cpan.metacpan.org/authors/id/Z/ZA/ZAKAME/perl-5.29.9.tar.gz,https://cpan.metacpan.org/authors/id/Z/ZA/ZAKAME/perl-5.29.9.tar.xz,,
5.029.008.999,unstable,5.29.8,https://cpan.metacpan.org/authors/id/A/AT/ATOOMIC/perl-5.29.8.tar.gz,https://cpan.metacpan.org/authors/id/A/AT/ATOOMIC/perl-5.29.8.tar.xz,,
5.029.007.999,unstable,5.29.7,https://cpan.metacpan.org/authors/id/A/AB/ABIGAIL/perl-5.29.7.tar.gz,https://cpan.metacpan.org/authors/id/A/AB/ABIGAIL/perl-5.29.7.tar.xz,,
5.029.006.999,unstable,5.29.6,https://cpan.metacpan.org/authors/id/A/AB/ABIGAIL/perl-5.29.6.tar.gz,https://cpan.metacpan.org/authors/id/A/AB/ABIGAIL/perl-5.29.6.tar.xz,,
5.029.005.999,unstable,5.29.5,https://cpan.metacpan.org/authors/id/E/ET/ETHER/perl-5.29.5.tar.gz,https://cpan.metacpan.org/authors/id/E/ET/ETHER/perl-5.29.5.tar.xz,,
5.029.004.999,unstable,5.29.4,https://cpan.metacpan.org/authors/id/A/AR/ARC/perl-5.29.4.tar.gz,https://cpan.metacpan.org/authors/id/A/AR/ARC/perl-5.29.4.tar.xz,,
5.029.003.999,unstable,5.29.3,https://cpan.metacpan.org/authors/id/G/GE/GENEHACK/perl-5.29.3.tar.gz,https://cpan.metacpan.org/authors/id/G/GE/GENEHACK/perl-5.29.3.tar.xz,,
5.029.002.999,unstable,5.29.2,https://cpan.metacpan.org/authors/id/B/BI/BINGOS/perl-5.29.2.tar.gz,https://cpan.metacpan.org/authors/id/B/BI/BINGOS/perl-5.29.2.tar.xz,,
5.029.001.999,unstable,5.29.1,https://cpan.metacpan.org/authors/id/S/SH/SHAY/perl-5.29.1.tar.gz,https://cpan.metacpan.org/authors/id/S/SH/SHAY/perl-5.29.1.tar.xz,,
5.029.000.999,unstable,5.29.0,https://cpan.metacpan.org/authors/id/X/XS/XSAWYERX/perl-5.29.0.tar.gz,https://cpan.metacpan.org/authors/id/X/XS/XSAWYERX/perl-5.29.0.tar.xz,,
5.028.003.999,stable,5.28.3,https://cpan.metacpan.org/authors/id/X/XS/XSAWYERX/perl-5.28.3.tar.gz,https://cpan.metacpan.org/authors/id/X/XS/XSAWYERX/perl-5.28.3.tar.xz,latest,
5.028.003.001,testing,5.28.3-RC1,https://cpan.metacpan.org/authors/id/X/XS/XSAWYERX/perl-5.28.3-RC1.tar.gz,https://cpan.metacpan.org/authors/id/X/XS/XSAWYERX/perl-5.28.3-RC1.tar.xz,,
5.028.002.999,stable,5.28.2,https://cpan.metacpan.org/authors/id/S/SH/SHAY/perl-5.28.2.tar.gz,https://cpan.metacpan.org/authors/id/S/SH/SHAY/perl-5.28.2.tar.xz,,
5.028.002.001,testing,5.28.2-RC1,https://cpan.metacpan.org/authors/id/S/SH/SHAY/perl-5.28.2-RC1.tar.gz,https://cpan.metacpan.org/authors/id/S/SH/SHAY/perl-5.28.2-RC1.tar.xz,,
5.028.001.999,stable,5.28.1,https://cpan.metacpan.org/authors/id/S/SH/SHAY/perl-5.28.1.tar.gz,https://cpan.metacpan.org/authors/id/S/SH/SHAY/perl-5.28.1.tar.xz,,
5.028.001.001,testing,5.28.1-RC1,https://cpan.metacpan.org/authors/id/S/SH/SHAY/perl-5.28.1-RC1.tar.gz,https://cpan.metacpan.org/authors/id/S/SH/SHAY/perl-5.28.1-RC1.tar.xz,,
5.028.000.999,stable,5.28.0,https://cpan.metacpan.org/authors/id/X/XS/XSAWYERX/perl-5.28.0.tar.gz,https://cpan.metacpan.org/authors/id/X/XS/XSAWYERX/perl-5.28.0.tar.xz,,
5.028.000.004,testing,5.28.0-RC4,https://cpan.metacpan.org/authors/id/X/XS/XSAWYERX/perl-5.28.0-RC4.tar.gz,https://cpan.metacpan.org/authors/id/X/XS/XSAWYERX/perl-5.28.0-RC4.tar.xz,,
5.028.000.003,testing,5.28.0-RC3,https://cpan.metacpan.org/authors/id/X/XS/XSAWYERX/perl-5.28.0-RC3.tar.gz,https://cpan.metacpan.org/authors/id/X/XS/XSAWYERX/perl-5.28.0-RC3.tar.xz,,
5.028.000.002,testing,5.28.0-RC2,https://cpan.metacpan.org/authors/id/X/XS/XSAWYERX/perl-5.28.0-RC2.tar.gz,https://cpan.metacpan.org/authors/id/X/XS/XSAWYERX/perl-5.28.0-RC2.tar.xz,,
5.028.000.001,testing,5.28.0-RC1,https://cpan.metacpan.org/authors/id/X/XS/XSAWYERX/perl-5.28.0-RC1.tar.gz,https://cpan.metacpan.org/authors/id/X/XS/XSAWYERX/perl-5.28.0-RC1.tar.xz,,
5.027.011.999,unstable,5.27.11,https://cpan.metacpan.org/authors/id/X/XS/XSAWYERX/perl-5.27.11.tar.gz,https://cpan.metacpan.org/authors/id/X/XS/XSAWYERX/perl-5.27.11.tar.xz,,
5.027.010.999,unstable,5.27.10,https://cpan.metacpan.org/authors/id/T/TO/TODDR/perl-5.27.10.tar.gz,https://cpan.metacpan.org/authors/id/T/TO/TODDR/perl-5.27.10.tar.xz,,
5.027.009.999,unstable,5.27.9,https://cpan.metacpan.org/authors/id/R/RE/RENEEB/perl-5.27.9.tar.gz,https://cpan.metacpan.org/authors/id/R/RE/RENEEB/perl-5.27.9.tar.xz,,
5.027.008.999,unstable,5.27.8,https://cpan.metacpan.org/authors/id/A/AB/ABIGAIL/perl-5.27.8.tar.gz,https://cpan.metacpan.org/authors/id/A/AB/ABIGAIL/perl-5.27.8.tar.xz,,
5.027.007.999,unstable,5.27.7,https://cpan.metacpan.org/authors/id/B/BI/BINGOS/perl-5.27.7.tar.gz,https://cpan.metacpan.org/authors/id/B/BI/BINGOS/perl-5.27.7.tar.xz,,
5.027.006.999,unstable,5.27.6,https://cpan.metacpan.org/authors/id/E/ET/ETHER/perl-5.27.6.tar.gz,https://cpan.metacpan.org/authors/id/E/ET/ETHER/perl-5.27.6.tar.xz,,
5.027.005.999,unstable,5.27.5,https://cpan.metacpan.org/authors/id/S/SH/SHAY/perl-5.27.5.tar.gz,https://cpan.metacpan.org/authors/id/S/SH/SHAY/perl-5.27.5.tar.xz,,
5.027.004.999,unstable,5.27.4,https://cpan.metacpan.org/authors/id/G/GE/GENEHACK/perl-5.27.4.tar.gz,https://cpan.metacpan.org/authors/id/G/GE/GENEHACK/perl-5.27.4.tar.xz,,
5.027.003.999,unstable,5.27.3,https://cpan.metacpan.org/authors/id/W/WO/WOLFSAGE/perl-5.27.3.tar.gz,https://cpan.metacpan.org/authors/id/W/WO/WOLFSAGE/perl-5.27.3.tar.xz,,
5.027.002.999,unstable,5.27.2,https://cpan.metacpan.org/authors/id/A/AR/ARC/perl-5.27.2.tar.gz,https://cpan.metacpan.org/authors/id/A/AR/ARC/perl-5.27.2.tar.xz,,
5.027.001.999,unstable,5.27.1,https://cpan.metacpan.org/authors/id/E/EH/EHERMAN/perl-5.27.1.tar.gz,https://cpan.metacpan.org/authors/id/E/EH/EHERMAN/perl-5.27.1.tar.xz,,
5.027.000.999,unstable,5.27.0,https://cpan.metacpan.org/authors/id/X/XS/XSAWYERX/perl-5.27.0.tar.gz,https://cpan.metacpan.org/authors/id/X/XS/XSAWYERX/perl-5.27.0.tar.xz,,
5.026.003.999,stable,5.26.3,https://cpan.metacpan.org/authors/id/S/SH/SHAY/perl-5.26.3.tar.gz,https://cpan.metacpan.org/authors/id/S/SH/SHAY/perl-5.26.3.tar.xz,latest,
5.026.003.001,testing,5.26.3-RC1,https://cpan.metacpan.org/authors/id/S/SH/SHAY/perl-5.26.3-RC1.tar.gz,https://cpan.metacpan.org/authors/id/S/SH/SHAY/perl-5.26.3-RC1.tar.xz,,
5.026.002.999,stable,5.26.2,https://cpan.metacpan.org/authors/id/S/SH/SHAY/perl-5.26.2.tar.gz,https://cpan.metacpan.org/authors/id/S/SH/SHAY/perl-5.26.2.tar.xz,,
5.026.002.001,testing,5.26.2-RC1,https://cpan.metacpan.org/authors/id/S/SH/SHAY/perl-5.26.2-RC1.tar.gz,https://cpan.metacpan.org/authors/id/S/SH/SHAY/perl-5.26.2-RC1.tar.xz,,
5.026.001.999,stable,5.26.1,https://cpan.metacpan.org/authors/id/S/SH/SHAY/perl-5.26.1.tar.gz,https://cpan.metacpan.org/authors/id/S/SH/SHAY/perl-5.26.1.tar.xz,,
5.026.001.001,testing,5.26.1-RC1,https://cpan.metacpan.org/authors/id/S/SH/SHAY/perl-5.26.1-RC1.tar.gz,https://cpan.metacpan.org/authors/id/S/SH/SHAY/perl-5.26.1-RC1.tar.xz,,
5.026.000.999,stable,5.26.0,https://cpan.metacpan.org/authors/id/X/XS/XSAWYERX/perl-5.26.0.tar.gz,https://cpan.metacpan.org/authors/id/X/XS/XSAWYERX/perl-5.26.0.tar.xz,,
5.026.000.002,testing,5.26.0-RC2,https://cpan.metacpan.org/authors/id/X/XS/XSAWYERX/perl-5.26.0-RC2.tar.gz,https://cpan.metacpan.org/authors/id/X/XS/XSAWYERX/perl-5.26.0-RC2.tar.xz,,
5.026.000.001,testing,5.26.0-RC1,https://cpan.metacpan.org/authors/id/X/XS/XSAWYERX/perl-5.26.0-RC1.tar.gz,https://cpan.metacpan.org/authors/id/X/XS/XSAWYERX/perl-5.26.0-RC1.tar.xz,,
5.025.012.999,unstable,5.25.12,https://cpan.metacpan.org/authors/id/X/XS/XSAWYERX/perl-5.25.12.tar.gz,https://cpan.metacpan.org/authors/id/X/XS/XSAWYERX/perl-5.25.12.tar.xz,,
5.025.011.999,unstable,5.25.11,https://cpan.metacpan.org/authors/id/X/XS/XSAWYERX/perl-5.25.11.tar.gz,https://cpan.metacpan.org/authors/id/X/XS/XSAWYERX/perl-5.25.11.tar.xz,,
5.025.010.999,unstable,5.25.10,https://cpan.metacpan.org/authors/id/R/RE/RENEEB/perl-5.25.10.tar.gz,https://cpan.metacpan.org/authors/id/R/RE/RENEEB/perl-5.25.10.tar.xz,,
5.025.009.999,unstable,5.25.9,https://cpan.metacpan.org/authors/id/A/AB/ABIGAIL/perl-5.25.9.tar.gz,https://cpan.metacpan.org/authors/id/A/AB/ABIGAIL/perl-5.25.9.tar.xz,,
5.025.008.999,unstable,5.25.8,https://cpan.metacpan.org/authors/id/X/XS/XSAWYERX/perl-5.25.8.tar.gz,https://cpan.metacpan.org/authors/id/X/XS/XSAWYERX/perl-5.25.8.tar.xz,,
5.025.007.999,unstable,5.25.7,https://cpan.metacpan.org/authors/id/E/EX/EXODIST/perl-5.25.7.tar.gz,https://cpan.metacpan.org/authors/id/E/EX/EXODIST/perl-5.25.7.tar.xz,,
5.025.006.999,unstable,5.25.6,https://cpan.metacpan.org/authors/id/A/AR/ARC/perl-5.25.6.tar.gz,https://cpan.metacpan.org/authors/id/A/AR/ARC/perl-5.25.6.tar.xz,,
5.025.005.999,unstable,5.25.5,https://cpan.metacpan.org/authors/id/S/ST/STEVAN/perl-5.25.5.tar.gz,https://cpan.metacpan.org/authors/id/S/ST/STEVAN/perl-5.25.5.tar.xz,,
5.025.004.999,unstable,5.25.4,https://cpan.metacpan.org/authors/id/B/BI/BINGOS/perl-5.25.4.tar.gz,https://cpan.metacpan.org/authors/id/B/BI/BINGOS/perl-5.25.4.tar.xz,,
5.025.003.999,unstable,5.25.3,https://cpan.metacpan.org/authors/id/S/SH/SHAY/perl-5.25.3.tar.gz,https://cpan.metacpan.org/authors/id/S/SH/SHAY/perl-5.25.3.tar.xz,,
5.025.002.999,unstable,5.25.2,https://cpan.metacpan.org/authors/id/W/WO/WOLFSAGE/perl-5.25.2.tar.gz,https://cpan.metacpan.org/authors/id/W/WO/WOLFSAGE/perl-5.25.2.tar.xz,,
5.025.001.999,unstable,5.25.1,https://cpan.metacpan.org/authors/id/X/XS/XSAWYERX/perl-5.25.1.tar.gz,https://cpan.metacpan.org/authors/id/X/XS/XSAWYERX/perl-5.25.1.tar.xz,,
5.025.000.999,unstable,5.25.0,https://cpan.metacpan.org/authors/id/R/RJ/RJBS/perl-5.25.0.tar.gz,https://cpan.metacpan.org/authors/id/R/RJ/RJBS/perl-5.25.0.tar.xz,,
5.024.004.999,stable,5.24.4,https://cpan.metacpan.org/authors/id/S/SH/SHAY/perl-5.24.4.tar.gz,https://cpan.metacpan.org/authors/id/S/SH/SHAY/perl-5.24.4.tar.xz,latest,
5.024.004.001,testing,5.24.4-RC1,https://cpan.metacpan.org/authors/id/S/SH/SHAY/perl-5.24.4-RC1.tar.gz,https://cpan.metacpan.org/authors/id/S/SH/SHAY/perl-5.24.4-RC1.tar.xz,,
5.024.003.999,stable,5.24.3,https://cpan.metacpan.org/authors/id/S/SH/SHAY/perl-5.24.3.tar.gz,https://cpan.metacpan.org/authors/id/S/SH/SHAY/perl-5.24.3.tar.xz,,
5.024.003.001,testing,5.24.3-RC1,https://cpan.metacpan.org/authors/id/S/SH/SHAY/perl-5.24.3-RC1.tar.gz,https://cpan.metacpan.org/authors/id/S/SH/SHAY/perl-5.24.3-RC1.tar.xz,,
5.024.002.999,stable,5.24.2,https://cpan.metacpan.org/authors/id/S/SH/SHAY/perl-5.24.2.tar.gz,https://cpan.metacpan.org/authors/id/S/SH/SHAY/perl-5.24.2.tar.xz,,
5.024.002.001,testing,5.24.2-RC1,https://cpan.metacpan.org/authors/id/S/SH/SHAY/perl-5.24.2-RC1.tar.gz,https://cpan.metacpan.org/authors/id/S/SH/SHAY/perl-5.24.2-RC1.tar.xz,,
5.024.001.999,stable,5.24.1,https://cpan.metacpan.org/authors/id/S/SH/SHAY/perl-5.24.1.tar.gz,https://cpan.metacpan.org/authors/id/S/SH/SHAY/perl-5.24.1.tar.xz,,
5.024.001.005,testing,5.24.1-RC5,https://cpan.metacpan.org/authors/id/S/SH/SHAY/perl-5.24.1-RC5.tar.gz,https://cpan.metacpan.org/authors/id/S/SH/SHAY/perl-5.24.1-RC5.tar.xz,,
5.024.001.004,testing,5.24.1-RC4,https://cpan.metacpan.org/authors/id/S/SH/SHAY/perl-5.24.1-RC4.tar.gz,https://cpan.metacpan.org/authors/id/S/SH/SHAY/perl-5.24.1-RC4.tar.xz,,
5.024.001.003,testing,5.24.1-RC3,https://cpan.metacpan.org/authors/id/S/SH/SHAY/perl-5.24.1-RC3.tar.gz,https://cpan.metacpan.org/authors/id/S/SH/SHAY/perl-5.24.1-RC3.tar.xz,,
5.024.001.002,testing,5.24.1-RC2,https://cpan.metacpan.org/authors/id/S/SH/SHAY/perl-5.24.1-RC2.tar.gz,https://cpan.metacpan.org/authors/id/S/SH/SHAY/perl-5.24.1-RC2.tar.xz,,
5.024.001.001,testing,5.24.1-RC1,https://cpan.metacpan.org/authors/id/S/SH/SHAY/perl-5.24.1-RC1.tar.gz,https://cpan.metacpan.org/authors/id/S/SH/SHAY/perl-5.24.1-RC1.tar.xz,,
5.024.000.999,stable,5.24.0,https://cpan.metacpan.org/authors/id/R/RJ/RJBS/perl-5.24.0.tar.gz,https://cpan.metacpan.org/authors/id/R/RJ/RJBS/perl-5.24.0.tar.xz,,
5.024.000.005,testing,5.24.0-RC5,https://cpan.metacpan.org/authors/id/R/RJ/RJBS/perl-5.24.0-RC5.tar.gz,https://cpan.metacpan.org/authors/id/R/RJ/RJBS/perl-5.24.0-RC5.tar.xz,,
5.024.000.004,testing,5.24.0-RC4,https://cpan.metacpan.org/authors/id/R/RJ/RJBS/perl-5.24.0-RC4.tar.gz,https://cpan.metacpan.org/authors/id/R/RJ/RJBS/perl-5.24.0-RC4.tar.xz,,
5.024.000.003,testing,5.24.0-RC3,https://cpan.metacpan.org/authors/id/R/RJ/RJBS/perl-5.24.0-RC3.tar.gz,https://cpan.metacpan.org/authors/id/R/RJ/RJBS/perl-5.24.0-RC3.tar.xz,,
5.024.000.002,testing,5.24.0-RC2,https://cpan.metacpan.org/authors/id/R/RJ/RJBS/perl-5.24.0-RC2.tar.gz,https://cpan.metacpan.org/authors/id/R/RJ/RJBS/perl-5.24.0-RC2.tar.xz,,
5.024.000.001,testing,5.24.0-RC1,https://cpan.metacpan.org/authors/id/R/RJ/RJBS/perl-5.24.0-RC1.tar.gz,https://cpan.metacpan.org/authors/id/R/RJ/RJBS/perl-5.24.0-RC1.tar.xz,,
5.023.009.999,unstable,5.23.9,https://cpan.metacpan.org/authors/id/A/AB/ABIGAIL/perl-5.23.9.tar.gz,https://cpan.metacpan.org/authors/id/A/AB/ABIGAIL/perl-5.23.9.tar.xz,,
5.023.008.999,unstable,5.23.8,https://cpan.metacpan.org/authors/id/X/XS/XSAWYERX/perl-5.23.8.tar.gz,https://cpan.metacpan.org/authors/id/X/XS/XSAWYERX/perl-5.23.8.tar.xz,,
5.023.007.999,unstable,5.23.7,https://cpan.metacpan.org/authors/id/S/ST/STEVAN/perl-5.23.7.tar.gz,https://cpan.metacpan.org/authors/id/S/ST/STEVAN/perl-5.23.7.tar.xz,,
5.023.006.999,unstable,5.23.6,https://cpan.metacpan.org/authors/id/D/DA/DAGOLDEN/perl-5.23.6.tar.gz,NA,,
5.023.005.999,unstable,5.23.5,https://cpan.metacpan.org/authors/id/A/AB/ABIGAIL/perl-5.23.5.tar.gz,https://cpan.metacpan.org/authors/id/A/AB/ABIGAIL/perl-5.23.5.tar.xz,,
5.023.004.999,unstable,5.23.4,https://cpan.metacpan.org/authors/id/S/SH/SHAY/perl-5.23.4.tar.gz,https://cpan.metacpan.org/authors/id/S/SH/SHAY/perl-5.23.4.tar.xz,,
5.023.003.999,unstable,5.23.3,https://cpan.metacpan.org/authors/id/P/PC/PCM/perl-5.23.3.tar.gz,https://cpan.metacpan.org/authors/id/P/PC/PCM/perl-5.23.3.tar.xz,,
5.023.002.999,unstable,5.23.2,https://cpan.metacpan.org/authors/id/W/WO/WOLFSAGE/perl-5.23.2.tar.gz,https://cpan.metacpan.org/authors/id/W/WO/WOLFSAGE/perl-5.23.2.tar.xz,,
5.023.001.999,unstable,5.23.1,https://cpan.metacpan.org/authors/id/W/WO/WOLFSAGE/perl-5.23.1.tar.gz,https://cpan.metacpan.org/authors/id/W/WO/WOLFSAGE/perl-5.23.1.tar.xz,,
5.023.000.999,unstable,5.23.0,https://cpan.metacpan.org/authors/id/R/RJ/RJBS/perl-5.23.0.tar.gz,https://cpan.metacpan.org/authors/id/R/RJ/RJBS/perl-5.23.0.tar.xz,,
5.022.004.999,stable,5.22.4,https://cpan.metacpan.org/authors/id/S/SH/SHAY/perl-5.22.4.tar.gz,https://cpan.metacpan.org/authors/id/S/SH/SHAY/perl-5.22.4.tar.xz,latest,
5.022.004.001,testing,5.22.4-RC1,https://cpan.metacpan.org/authors/id/S/SH/SHAY/perl-5.22.4-RC1.tar.gz,https://cpan.metacpan.org/authors/id/S/SH/SHAY/perl-5.22.4-RC1.tar.xz,,
5.022.003.999,stable,5.22.3,https://cpan.metacpan.org/authors/id/S/SH/SHAY/perl-5.22.3.tar.gz,https://cpan.metacpan.org/authors/id/S/SH/SHAY/perl-5.22.3.tar.xz,,
5.022.003.005,testing,5.22.3-RC5,https://cpan.metacpan.org/authors/id/S/SH/SHAY/perl-5.22.3-RC5.tar.gz,https://cpan.metacpan.org/authors/id/S/SH/SHAY/perl-5.22.3-RC5.tar.xz,,
5.022.003.004,testing,5.22.3-RC4,https://cpan.metacpan.org/authors/id/S/SH/SHAY/perl-5.22.3-RC4.tar.gz,https://cpan.metacpan.org/authors/id/S/SH/SHAY/perl-5.22.3-RC4.tar.xz,,
5.022.003.003,testing,5.22.3-RC3,https://cpan.metacpan.org/authors/id/S/SH/SHAY/perl-5.22.3-RC3.tar.gz,https://cpan.metacpan.org/authors/id/S/SH/SHAY/perl-5.22.3-RC3.tar.xz,,
5.022.003.002,testing,5.22.3-RC2,https://cpan.metacpan.org/authors/id/S/SH/SHAY/perl-5.22.3-RC2.tar.gz,https://cpan.metacpan.org/authors/id/S/SH/SHAY/perl-5.22.3-RC2.tar.xz,,
5.022.003.001,testing,5.22.3-RC1,https://cpan.metacpan.org/authors/id/S/SH/SHAY/perl-5.22.3-RC1.tar.gz,https://cpan.metacpan.org/authors/id/S/SH/SHAY/perl-5.22.3-RC1.tar.xz,,
5.022.002.999,stable,5.22.2,https://cpan.metacpan.org/authors/id/S/SH/SHAY/perl-5.22.2.tar.gz,https://cpan.metacpan.org/authors/id/S/SH/SHAY/perl-5.22.2.tar.xz,,
5.022.002.001,testing,5.22.2-RC1,https://cpan.metacpan.org/authors/id/S/SH/SHAY/perl-5.22.2-RC1.tar.gz,https://cpan.metacpan.org/authors/id/S/SH/SHAY/perl-5.22.2-RC1.tar.xz,,
5.022.001.999,stable,5.22.1,https://cpan.metacpan.org/authors/id/S/SH/SHAY/perl-5.22.1.tar.gz,https://cpan.metacpan.org/authors/id/S/SH/SHAY/perl-5.22.1.tar.xz,,
5.022.001.004,testing,5.22.1-RC4,https://cpan.metacpan.org/authors/id/S/SH/SHAY/perl-5.22.1-RC4.tar.gz,https://cpan.metacpan.org/authors/id/S/SH/SHAY/perl-5.22.1-RC4.tar.xz,,
5.022.001.003,testing,5.22.1-RC3,https://cpan.metacpan.org/authors/id/S/SH/SHAY/perl-5.22.1-RC3.tar.gz,https://cpan.metacpan.org/authors/id/S/SH/SHAY/perl-5.22.1-RC3.tar.xz,,
5.022.001.002,testing,5.22.1-RC2,https://cpan.metacpan.org/authors/id/S/SH/SHAY/perl-5.22.1-RC2.tar.gz,https://cpan.metacpan.org/authors/id/S/SH/SHAY/perl-5.22.1-RC2.tar.xz,,
5.022.001.001,testing,5.22.1-RC1,https://cpan.metacpan.org/authors/id/S/SH/SHAY/perl-5.22.1-RC1.tar.gz,https://cpan.metacpan.org/authors/id/S/SH/SHAY/perl-5.22.1-RC1.tar.xz,,
5.022.000.999,stable,5.22.0,https://cpan.metacpan.org/authors/id/R/RJ/RJBS/perl-5.22.0.tar.gz,https://cpan.metacpan.org/authors/id/R/RJ/RJBS/perl-5.22.0.tar.xz,,
5.022.000.002,testing,5.22.0-RC2,https://cpan.metacpan.org/authors/id/R/RJ/RJBS/perl-5.22.0-RC2.tar.gz,https://cpan.metacpan.org/authors/id/R/RJ/RJBS/perl-5.22.0-RC2.tar.xz,,
5.022.000.001,testing,5.22.0-RC1,https://cpan.metacpan.org/authors/id/R/RJ/RJBS/perl-5.22.0-RC1.tar.gz,https://cpan.metacpan.org/authors/id/R/RJ/RJBS/perl-5.22.0-RC1.tar.xz,,
5.021.011.999,unstable,5.21.11,https://cpan.metacpan.org/authors/id/S/SH/SHAY/perl-5.21.11.tar.gz,https://cpan.metacpan.org/authors/id/S/SH/SHAY/perl-5.21.11.tar.xz,,
5.021.010.999,unstable,5.21.10,https://cpan.metacpan.org/authors/id/S/SH/SHAY/perl-5.21.10.tar.gz,https://cpan.metacpan.org/authors/id/S/SH/SHAY/perl-5.21.10.tar.xz,,
5.021.009.999,unstable,5.21.9,https://cpan.metacpan.org/authors/id/X/XS/XSAWYERX/perl-5.21.9.tar.gz,https://cpan.metacpan.org/authors/id/X/XS/XSAWYERX/perl-5.21.9.tar.xz,,
5.021.008.999,unstable,5.21.8,https://cpan.metacpan.org/authors/id/W/WO/WOLFSAGE/perl-5.21.8.tar.gz,https://cpan.metacpan.org/authors/id/W/WO/WOLFSAGE/perl-5.21.8.tar.xz,,
5.021.007.999,unstable,5.21.7,https://cpan.metacpan.org/authors/id/C/CO/CORION/perl-5.21.7.tar.gz,https://cpan.metacpan.org/authors/id/C/CO/CORION/perl-5.21.7.tar.xz,,
5.021.006.999,unstable,5.21.6,https://cpan.metacpan.org/authors/id/B/BI/BINGOS/perl-5.21.6.tar.gz,https://cpan.metacpan.org/authors/id/B/BI/BINGOS/perl-5.21.6.tar.xz,,
5.021.005.999,unstable,5.21.5,https://cpan.metacpan.org/authors/id/A/AB/ABIGAIL/perl-5.21.5.tar.gz,NA,,
5.021.004.999,unstable,5.21.4,https://cpan.metacpan.org/authors/id/S/SH/SHAY/perl-5.21.4.tar.gz,NA,,
5.021.003.999,unstable,5.21.3,https://cpan.metacpan.org/authors/id/P/PC/PCM/perl-5.21.3.tar.gz,NA,,
5.021.002.999,unstable,5.21.2,https://cpan.metacpan.org/authors/id/A/AB/ABIGAIL/perl-5.21.2.tar.gz,NA,,
5.021.001.999,unstable,5.21.1,https://cpan.metacpan.org/authors/id/W/WO/WOLFSAGE/perl-5.21.1.tar.gz,NA,,
5.021.000.999,unstable,5.21.0,https://cpan.metacpan.org/authors/id/R/RJ/RJBS/perl-5.21.0.tar.gz,NA,,
5.020.003.999,stable,5.20.3,https://cpan.metacpan.org/authors/id/S/SH/SHAY/perl-5.20.3.tar.gz,NA,latest,
5.020.003.002,testing,5.20.3-RC2,https://cpan.metacpan.org/authors/id/S/SH/SHAY/perl-5.20.3-RC2.tar.gz,NA,,
5.020.003.001,testing,5.20.3-RC1,https://cpan.metacpan.org/authors/id/S/SH/SHAY/perl-5.20.3-RC1.tar.gz,NA,,
5.020.002.999,stable,5.20.2,https://cpan.metacpan.org/authors/id/S/SH/SHAY/perl-5.20.2.tar.gz,NA,,
5.020.002.001,testing,5.20.2-RC1,https://cpan.metacpan.org/authors/id/S/SH/SHAY/perl-5.20.2-RC1.tar.gz,NA,,
5.020.001.999,stable,5.20.1,https://cpan.metacpan.org/authors/id/S/SH/SHAY/perl-5.20.1.tar.gz,NA,,
5.020.001.002,testing,5.20.1-RC2,https://cpan.metacpan.org/authors/id/S/SH/SHAY/perl-5.20.1-RC2.tar.gz,NA,,
5.020.001.001,testing,5.20.1-RC1,https://cpan.metacpan.org/authors/id/S/SH/SHAY/perl-5.20.1-RC1.tar.gz,NA,,
5.020.000.999,stable,5.20.0,https://cpan.metacpan.org/authors/id/R/RJ/RJBS/perl-5.20.0.tar.gz,NA,,
5.020.000.001,testing,5.20.0-RC1,https://cpan.metacpan.org/authors/id/R/RJ/RJBS/perl-5.20.0-RC1.tar.gz,NA,,
5.019.011.999,unstable,5.19.11,https://cpan.metacpan.org/authors/id/S/SH/SHAY/perl-5.19.11.tar.gz,NA,,
5.019.010.999,unstable,5.19.10,https://cpan.metacpan.org/authors/id/A/AR/ARC/perl-5.19.10.tar.gz,NA,,
5.019.009.999,unstable,5.19.9,https://cpan.metacpan.org/authors/id/T/TO/TONYC/perl-5.19.9.tar.gz,NA,,
5.019.008.999,unstable,5.19.8,https://cpan.metacpan.org/authors/id/R/RJ/RJBS/perl-5.19.8.tar.gz,NA,,
5.019.007.999,unstable,5.19.7,https://cpan.metacpan.org/authors/id/A/AB/ABIGAIL/perl-5.19.7.tar.gz,NA,,
5.019.006.999,unstable,5.19.6,https://cpan.metacpan.org/authors/id/B/BI/BINGOS/perl-5.19.6.tar.gz,NA,,
5.019.005.999,unstable,5.19.5,https://cpan.metacpan.org/authors/id/S/SH/SHAY/perl-5.19.5.tar.gz,NA,,
5.019.004.999,unstable,5.19.4,https://cpan.metacpan.org/authors/id/S/SH/SHAY/perl-5.19.4.tar.gz,NA,,
5.019.003.999,unstable,5.19.3,https://cpan.metacpan.org/authors/id/S/SH/SHAY/perl-5.19.3.tar.gz,NA,,
5.019.002.999,unstable,5.19.2,https://cpan.metacpan.org/authors/id/A/AR/ARISTOTLE/perl-5.19.2.tar.gz,NA,,
5.019.001.999,unstable,5.19.1,https://cpan.metacpan.org/authors/id/D/DA/DAGOLDEN/perl-5.19.1.tar.gz,NA,,
5.019.000.999,unstable,5.19.0,https://cpan.metacpan.org/authors/id/R/RJ/RJBS/perl-5.19.0.tar.gz,NA,,
5.018.004.999,stable,5.18.4,https://cpan.metacpan.org/authors/id/R/RJ/RJBS/perl-5.18.4.tar.gz,NA,latest,
5.018.003.999,stable,5.18.3,https://cpan.metacpan.org/authors/id/R/RJ/RJBS/perl-5.18.3.tar.gz,NA,,
5.018.003.002,testing,5.18.3-RC2,https://cpan.metacpan.org/authors/id/R/RJ/RJBS/perl-5.18.3-RC2.tar.gz,NA,,
5.018.003.001,testing,5.18.3-RC1,https://cpan.metacpan.org/authors/id/R/RJ/RJBS/perl-5.18.3-RC1.tar.gz,NA,,
5.018.002.999,stable,5.18.2,https://cpan.metacpan.org/authors/id/R/RJ/RJBS/perl-5.18.2.tar.gz,NA,,
5.018.002.004,testing,5.18.2-RC4,https://cpan.metacpan.org/authors/id/R/RJ/RJBS/perl-5.18.2-RC4.tar.gz,NA,,
5.018.002.003,testing,5.18.2-RC3,https://cpan.metacpan.org/authors/id/R/RJ/RJBS/perl-5.18.2-RC3.tar.gz,NA,,
5.018.002.002,testing,5.18.2-RC2,https://cpan.metacpan.org/authors/id/R/RJ/RJBS/perl-5.18.2-RC2.tar.gz,NA,,
5.018.002.001,testing,5.18.2-RC1,https://cpan.metacpan.org/authors/id/R/RJ/RJBS/perl-5.18.2-RC1.tar.gz,NA,,
5.018.001.999,stable,5.18.1,https://cpan.metacpan.org/authors/id/R/RJ/RJBS/perl-5.18.1.tar.gz,NA,,
5.018.001.003,testing,5.18.1-RC3,https://cpan.metacpan.org/authors/id/R/RJ/RJBS/perl-5.18.1-RC3.tar.gz,NA,,
5.018.001.002,testing,5.18.1-RC2,https://cpan.metacpan.org/authors/id/R/RJ/RJBS/perl-5.18.1-RC2.tar.gz,NA,,
5.018.001.001,testing,5.18.1-RC1,https://cpan.metacpan.org/authors/id/R/RJ/RJBS/perl-5.18.1-RC1.tar.gz,NA,,
5.018.000.999,stable,5.18.0,https://cpan.metacpan.org/authors/id/R/RJ/RJBS/perl-5.18.0.tar.gz,NA,,
5.018.000.004,testing,5.18.0-RC4,https://cpan.metacpan.org/authors/id/R/RJ/RJBS/perl-5.18.0-RC4.tar.gz,NA,,
5.018.000.003,testing,5.18.0-RC3,https://cpan.metacpan.org/authors/id/R/RJ/RJBS/perl-5.18.0-RC3.tar.gz,NA,,
5.018.000.002,testing,5.18.0-RC2,https://cpan.metacpan.org/authors/id/R/RJ/RJBS/perl-5.18.0-RC2.tar.gz,NA,,
5.018.000.001,testing,5.18.0-RC1,https://cpan.metacpan.org/authors/id/R/RJ/RJBS/perl-5.18.0-RC1.tar.gz,NA,,
5.017.011.999,unstable,5.17.11,https://cpan.metacpan.org/authors/id/R/RJ/RJBS/perl-5.17.11.tar.gz,NA,,
5.017.010.999,unstable,5.17.10,https://cpan.metacpan.org/authors/id/C/CO/CORION/perl-5.17.10.tar.gz,NA,,
5.017.009.999,unstable,5.17.9,https://cpan.metacpan.org/authors/id/B/BI/BINGOS/perl-5.17.9.tar.gz,NA,,
5.017.008.999,unstable,5.17.8,https://cpan.metacpan.org/authors/id/A/AR/ARC/perl-5.17.8.tar.gz,NA,,
5.017.007.999,unstable,5.17.7,https://cpan.metacpan.org/authors/id/D/DR/DROLSKY/perl-5.17.7.tar.gz,NA,,
5.017.006.999,unstable,5.17.6,https://cpan.metacpan.org/authors/id/R/RJ/RJBS/perl-5.17.6.tar.gz,NA,,
5.017.005.999,unstable,5.17.5,https://cpan.metacpan.org/authors/id/F/FL/FLORA/perl-5.17.5.tar.gz,NA,,
5.017.004.999,unstable,5.17.4,https://cpan.metacpan.org/authors/id/F/FL/FLORA/perl-5.17.4.tar.gz,NA,,
5.017.003.999,unstable,5.17.3,https://cpan.metacpan.org/authors/id/S/SH/SHAY/perl-5.17.3.tar.gz,NA,,
5.017.002.999,unstable,5.17.2,https://cpan.metacpan.org/authors/id/T/TO/TONYC/perl-5.17.2.tar.gz,NA,,
5.017.001.999,unstable,5.17.1,https://cpan.metacpan.org/authors/id/D/DO/DOY/perl-5.17.1.tar.gz,NA,,
5.017.000.999,unstable,5.17.0,https://cpan.metacpan.org/authors/id/Z/ZE/ZEFRAM/perl-5.17.0.tar.gz,NA,,
5.016.003.999,stable,5.16.3,https://cpan.metacpan.org/authors/id/R/RJ/RJBS/perl-5.16.3.tar.gz,NA,latest,
5.016.003.001,testing,5.16.3-RC1,https://cpan.metacpan.org/authors/id/R/RJ/RJBS/perl-5.16.3-RC1.tar.gz,NA,,
5.016.002.999,stable,5.16.2,https://cpan.metacpan.org/authors/id/R/RJ/RJBS/perl-5.16.2.tar.gz,NA,,
5.016.002.001,testing,5.16.2-RC1,https://cpan.metacpan.org/authors/id/R/RJ/RJBS/perl-5.16.2-RC1.tar.gz,NA,,
5.016.001.999,stable,5.16.1,https://cpan.metacpan.org/authors/id/R/RJ/RJBS/perl-5.16.1.tar.gz,NA,,
5.016.001.001,testing,5.16.1-RC1,https://cpan.metacpan.org/authors/id/R/RJ/RJBS/perl-5.16.1-RC1.tar.gz,NA,,
5.016.000.999,stable,5.16.0,https://cpan.metacpan.org/authors/id/R/RJ/RJBS/perl-5.16.0.tar.gz,NA,,
5.016.000.002,testing,5.16.0-RC2,https://cpan.metacpan.org/authors/id/R/RJ/RJBS/perl-5.16.0-RC2.tar.gz,NA,,
5.016.000.001,testing,5.16.0-RC1,https://cpan.metacpan.org/authors/id/R/RJ/RJBS/perl-5.16.0-RC1.tar.gz,NA,,
5.016.000.000,testing,5.16.0-RC0,https://cpan.metacpan.org/authors/id/R/RJ/RJBS/perl-5.16.0-RC0.tar.gz,NA,,
5.015.009.999,unstable,5.15.9,https://cpan.metacpan.org/authors/id/A/AB/ABIGAIL/perl-5.15.9.tar.gz,NA,,
5.015.008.999,unstable,5.15.8,https://cpan.metacpan.org/authors/id/C/CO/CORION/perl-5.15.8.tar.gz,NA,,
5.015.007.999,unstable,5.15.7,https://cpan.metacpan.org/authors/id/B/BI/BINGOS/perl-5.15.7.tar.gz,NA,,
5.015.006.999,unstable,5.15.6,https://cpan.metacpan.org/authors/id/D/DR/DROLSKY/perl-5.15.6.tar.gz,NA,,
5.015.005.999,unstable,5.15.5,https://cpan.metacpan.org/authors/id/S/SH/SHAY/perl-5.15.5.tar.gz,NA,,
5.015.004.999,unstable,5.15.4,https://cpan.metacpan.org/authors/id/F/FL/FLORA/perl-5.15.4.tar.gz,NA,,
5.015.003.999,unstable,5.15.3,https://cpan.metacpan.org/authors/id/S/ST/STEVAN/perl-5.15.3.tar.gz,NA,,
5.015.002.999,unstable,5.15.2,https://cpan.metacpan.org/authors/id/R/RJ/RJBS/perl-5.15.2.tar.gz,NA,,
5.015.001.999,unstable,5.15.1,https://cpan.metacpan.org/authors/id/Z/ZE/ZEFRAM/perl-5.15.1.tar.gz,NA,,
5.015.000.999,unstable,5.15.0,https://cpan.metacpan.org/authors/id/D/DA/DAGOLDEN/perl-5.15.0.tar.gz,NA,,
5.014.004.999,stable,5.14.4,https://cpan.metacpan.org/authors/id/D/DA/DAPM/perl-5.14.4.tar.gz,NA,latest,
5.014.004.002,testing,5.14.4-RC2,https://cpan.metacpan.org/authors/id/D/DA/DAPM/perl-5.14.4-RC2.tar.gz,NA,,
5.014.004.001,testing,5.14.4-RC1,https://cpan.metacpan.org/authors/id/D/DA/DAPM/perl-5.14.4-RC1.tar.gz,NA,,
5.014.003.999,stable,5.14.3,https://cpan.metacpan.org/authors/id/D/DO/DOM/perl-5.14.3.tar.gz,NA,,
5.014.003.002,testing,5.14.3-RC2,https://cpan.metacpan.org/authors/id/D/DO/DOM/perl-5.14.3-RC2.tar.gz,NA,,
5.014.003.001,testing,5.14.3-RC1,https://cpan.metacpan.org/authors/id/D/DO/DOM/perl-5.14.3-RC1.tar.gz,NA,,
5.014.002.999,stable,5.14.2,https://cpan.metacpan.org/authors/id/F/FL/FLORA/perl-5.14.2.tar.gz,NA,,
5.014.002.001,testing,5.14.2-RC1,https://cpan.metacpan.org/authors/id/F/FL/FLORA/perl-5.14.2-RC1.tar.gz,NA,,
5.014.001.999,stable,5.14.1,https://cpan.metacpan.org/authors/id/J/JE/JESSE/perl-5.14.1.tar.gz,NA,,
5.014.001.001,testing,5.14.1-RC1,https://cpan.metacpan.org/authors/id/J/JE/JESSE/perl-5.14.1-RC1.tar.gz,NA,,
5.014.000.999,stable,5.14.0,https://cpan.metacpan.org/authors/id/J/JE/JESSE/perl-5.14.0.tar.gz,NA,,
5.014.000.003,testing,5.14.0-RC3,https://cpan.metacpan.org/authors/id/J/JE/JESSE/perl-5.14.0-RC3.tar.gz,NA,,
5.014.000.002,testing,5.14.0-RC2,https://cpan.metacpan.org/authors/id/J/JE/JESSE/perl-5.14.0-RC2.tar.gz,NA,,
5.014.000.001,testing,5.14.0-RC1,https://cpan.metacpan.org/authors/id/J/JE/JESSE/perl-5.14.0-RC1.tar.gz,NA,,
5.013.011.999,unstable,5.13.11,https://cpan.metacpan.org/authors/id/F/FL/FLORA/perl-5.13.11.tar.gz,NA,,
5.013.010.999,unstable,5.13.10,https://cpan.metacpan.org/authors/id/A/AV/AVAR/perl-5.13.10.tar.gz,NA,,
5.013.009.999,unstable,5.13.9,https://cpan.metacpan.org/authors/id/J/JE/JESSE/perl-5.13.9.tar.gz,NA,,
5.013.008.999,unstable,5.13.8,https://cpan.metacpan.org/authors/id/Z/ZE/ZEFRAM/perl-5.13.8.tar.gz,NA,,
5.013.007.999,unstable,5.13.7,https://cpan.metacpan.org/authors/id/B/BI/BINGOS/perl-5.13.7.tar.gz,NA,,
5.013.006.999,unstable,5.13.6,https://cpan.metacpan.org/authors/id/M/MI/MIYAGAWA/perl-5.13.6.tar.gz,NA,,
5.013.005.999,unstable,5.13.5,https://cpan.metacpan.org/authors/id/S/SH/SHAY/perl-5.13.5.tar.gz,NA,,
5.013.004.999,unstable,5.13.4,https://cpan.metacpan.org/authors/id/F/FL/FLORA/perl-5.13.4.tar.gz,NA,,
5.013.003.999,unstable,5.13.3,https://cpan.metacpan.org/authors/id/D/DA/DAGOLDEN/perl-5.13.3.tar.gz,NA,,
5.013.002.999,unstable,5.13.2,https://cpan.metacpan.org/authors/id/M/MS/MSTROUT/perl-5.13.2.tar.gz,NA,,
5.013.001.999,unstable,5.13.1,https://cpan.metacpan.org/authors/id/R/RJ/RJBS/perl-5.13.1.tar.gz,NA,,
5.013.000.999,unstable,5.13.0,https://cpan.metacpan.org/authors/id/L/LB/LBROCARD/perl-5.13.0.tar.gz,NA,,
5.012.005.999,stable,5.12.5,https://cpan.metacpan.org/authors/id/D/DO/DOM/perl-5.12.5.tar.gz,NA,latest,
5.012.005.002,testing,5.12.5-RC2,https://cpan.metacpan.org/authors/id/D/DO/DOM/perl-5.12.5-RC2.tar.gz,NA,,
5.012.005.001,testing,5.12.5-RC1,https://cpan.metacpan.org/authors/id/D/DO/DOM/perl-5.12.5-RC1.tar.gz,NA,,
5.012.004.999,stable,5.12.4,https://cpan.metacpan.org/authors/id/L/LB/LBROCARD/perl-5.12.4.tar.gz,NA,,
5.012.004.002,testing,5.12.4-RC2,https://cpan.metacpan.org/authors/id/L/LB/LBROCARD/perl-5.12.4-RC2.tar.gz,NA,,
5.012.004.001,testing,5.12.4-RC1,https://cpan.metacpan.org/authors/id/L/LB/LBROCARD/perl-5.12.4-RC1.tar.gz,NA,,
5.012.003.999,stable,5.12.3,https://cpan.metacpan.org/authors/id/R/RJ/RJBS/perl-5.12.3.tar.gz,NA,,
5.012.003.003,testing,5.12.3-RC3,https://cpan.metacpan.org/authors/id/R/RJ/RJBS/perl-5.12.3-RC3.tar.gz,NA,,
5.012.003.002,testing,5.12.3-RC2,https://cpan.metacpan.org/authors/id/R/RJ/RJBS/perl-5.12.3-RC2.tar.gz,NA,,
5.012.003.001,testing,5.12.3-RC1,https://cpan.metacpan.org/authors/id/R/RJ/RJBS/perl-5.12.3-RC1.tar.gz,NA,,
5.012.002.999,stable,5.12.2,https://cpan.metacpan.org/authors/id/J/JE/JESSE/perl-5.12.2.tar.gz,NA,,
5.012.002.001,testing,5.12.2-RC1,https://cpan.metacpan.org/authors/id/J/JE/JESSE/perl-5.12.2-RC1.tar.gz,NA,,
5.012.001.999,stable,5.12.1,https://cpan.metacpan.org/authors/id/J/JE/JESSE/perl-5.12.1.tar.gz,NA,,
5.012.001.002,testing,5.12.1-RC2,https://cpan.metacpan.org/authors/id/J/JE/JESSE/perl-5.12.1-RC2.tar.gz,NA,,
5.012.001.001,testing,5.12.1-RC1,https://cpan.metacpan.org/authors/id/J/JE/JESSE/perl-5.12.1-RC1.tar.gz,NA,,
5.012.000.999,stable,5.12.0,https://cpan.metacpan.org/authors/id/J/JE/JESSE/perl-5.12.0.tar.gz,NA,,
5.012.000.005,testing,5.12.0-RC5,https://cpan.metacpan.org/authors/id/J/JE/JESSE/perl-5.12.0-RC5.tar.gz,NA,,
5.012.000.004,testing,5.12.0-RC4,https://cpan.metacpan.org/authors/id/J/JE/JESSE/perl-5.12.0-RC4.tar.gz,NA,,
5.012.000.003,testing,5.12.0-RC3,https://cpan.metacpan.org/authors/id/J/JE/JESSE/perl-5.12.0-RC3.tar.gz,NA,,
5.012.000.002,testing,5.12.0-RC2,https://cpan.metacpan.org/authors/id/J/JE/JESSE/perl-5.12.0-RC2.tar.gz,NA,,
5.012.000.001,testing,5.12.0-RC1,https://cpan.metacpan.org/authors/id/J/JE/JESSE/perl-5.12.0-RC1.tar.gz,NA,,
5.012.000.000,testing,5.12.0-RC0,https://cpan.metacpan.org/authors/id/J/JE/JESSE/perl-5.12.0-RC0.tar.gz,NA,,
5.011.005.999,unstable,5.11.5,https://cpan.metacpan.org/authors/id/S/SH/SHAY/perl-5.11.5.tar.gz,NA,,
5.011.004.999,unstable,5.11.4,https://cpan.metacpan.org/authors/id/R/RJ/RJBS/perl-5.11.4.tar.gz,NA,,
5.011.003.999,unstable,5.11.3,https://cpan.metacpan.org/authors/id/J/JE/JESSE/perl-5.11.3.tar.gz,NA,,
5.011.002.999,unstable,5.11.2,https://cpan.metacpan.org/authors/id/L/LB/LBROCARD/perl-5.11.2.tar.gz,NA,,
5.011.001.999,unstable,5.11.1,https://cpan.metacpan.org/authors/id/J/JE/JESSE/perl-5.11.1.tar.gz,NA,,
5.011.000.999,unstable,5.11.0,https://cpan.metacpan.org/authors/id/J/JE/JESSE/perl-5.11.0.tar.gz,NA,,
5.010.001.999,stable,5.10.1,https://cpan.metacpan.org/authors/id/D/DA/DAPM/perl-5.10.1.tar.gz,NA,latest,
5.010.001.002,testing,5.10.1-RC2,https://cpan.metacpan.org/authors/id/D/DA/DAPM/perl-5.10.1-RC2.tar.gz,NA,,
5.010.001.001,testing,5.10.1-RC1,https://cpan.metacpan.org/authors/id/D/DA/DAPM/perl-5.10.1-RC1.tar.gz,NA,,
5.010.000.999,stable,5.10.0,https://cpan.metacpan.org/authors/id/R/RG/RGARCIA/perl-5.10.0.tar.gz,NA,,
5.010.000.002,testing,5.10.0-RC2,https://cpan.metacpan.org/authors/id/R/RG/RGARCIA/perl-5.10.0-RC2.tar.gz,NA,,
5.010.000.001,testing,5.10.0-RC1,https://cpan.metacpan.org/authors/id/R/RG/RGARCIA/perl-5.10.0-RC1.tar.gz,NA,,
5.009.005.999,unstable,5.9.5,https://cpan.metacpan.org/authors/id/R/RG/RGARCIA/perl-5.9.5.tar.gz,NA,,
5.009.004.999,unstable,5.9.4,https://cpan.metacpan.org/authors/id/R/RG/RGARCIA/perl-5.9.4.tar.gz,NA,,
5.009.003.999,unstable,5.9.3,https://cpan.metacpan.org/authors/id/R/RG/RGARCIA/perl-5.9.3.tar.gz,NA,,
5.009.002.999,unstable,5.9.2,https://cpan.metacpan.org/authors/id/R/RG/RGARCIA/perl-5.9.2.tar.gz,NA,,
5.009.001.999,unstable,5.9.1,https://cpan.metacpan.org/authors/id/R/RG/RGARCIA/perl-5.9.1.tar.gz,NA,,
5.009.000.999,unstable,5.9.0,https://cpan.metacpan.org/authors/id/H/HV/HVDS/perl-5.9.0.tar.gz,NA,,
5.008.009.999,stable,5.8.9,https://cpan.metacpan.org/authors/id/N/NW/NWCLARK/perl-5.8.9.tar.gz,NA,latest,
5.008.009.002,testing,5.8.9-RC2,https://cpan.metacpan.org/authors/id/N/NW/NWCLARK/perl-5.8.9-RC2.tar.gz,NA,,
5.008.009.001,testing,5.8.9-RC1,https://cpan.metacpan.org/authors/id/N/NW/NWCLARK/perl-5.8.9-RC1.tar.gz,NA,,
5.008.008.999,stable,5.8.8,https://cpan.metacpan.org/authors/id/N/NW/NWCLARK/perl-5.8.8.tar.gz,NA,,
5.008.008.001,testing,5.8.8-RC1,https://cpan.metacpan.org/authors/id/N/NW/NWCLARK/perl-5.8.8-RC1.tar.gz,NA,,
5.008.007.999,stable,5.8.7,https://cpan.metacpan.org/authors/id/N/NW/NWCLARK/perl-5.8.7.tar.gz,NA,,
5.008.007.001,testing,5.8.7-RC1,https://cpan.metacpan.org/authors/id/N/NW/NWCLARK/perl-5.8.7-RC1.tar.gz,NA,,
5.008.006.999,stable,5.8.6,https://cpan.metacpan.org/authors/id/N/NW/NWCLARK/perl-5.8.6.tar.gz,NA,,
5.008.006.001,testing,5.8.6-RC1,https://cpan.metacpan.org/authors/id/N/NW/NWCLARK/perl-5.8.6-RC1.tar.gz,NA,,
5.008.005.999,stable,5.8.5,https://cpan.metacpan.org/authors/id/N/NW/NWCLARK/perl-5.8.5.tar.gz,NA,,
5.008.005.002,testing,5.8.5-RC2,https://cpan.metacpan.org/authors/id/N/NW/NWCLARK/perl-5.8.5-RC2.tar.gz,NA,,
5.008.005.001,testing,5.8.5-RC1,https://cpan.metacpan.org/authors/id/N/NW/NWCLARK/perl-5.8.5-RC1.tar.gz,NA,,
5.008.004.999,stable,5.8.4,https://cpan.metacpan.org/authors/id/N/NW/NWCLARK/perl-5.8.4.tar.gz,NA,,
5.008.004.002,testing,5.8.4-RC2,https://cpan.metacpan.org/authors/id/N/NW/NWCLARK/perl-5.8.4-RC2.tar.gz,NA,,
5.008.004.001,testing,5.8.4-RC1,https://cpan.metacpan.org/authors/id/N/NW/NWCLARK/perl-5.8.4-RC1.tar.gz,NA,,
5.008.003.999,stable,5.8.3,https://cpan.metacpan.org/authors/id/N/NW/NWCLARK/perl-5.8.3.tar.gz,NA,,
5.008.003.001,testing,5.8.3-RC1,https://cpan.metacpan.org/authors/id/N/NW/NWCLARK/perl-5.8.3-RC1.tar.gz,NA,,
5.008.002.999,stable,5.8.2,https://cpan.metacpan.org/authors/id/N/NW/NWCLARK/perl-5.8.2.tar.gz,NA,,
5.008.002.002,testing,5.8.2-RC2,https://cpan.metacpan.org/authors/id/N/NW/NWCLARK/perl-5.8.2-RC2.tar.gz,NA,,
5.008.002.001,testing,5.8.2-RC1,https://cpan.metacpan.org/authors/id/N/NW/NWCLARK/perl-5.8.2-RC1.tar.gz,NA,,
5.008.001.999,stable,5.8.1,https://cpan.metacpan.org/authors/id/J/JH/JHI/perl-5.8.1.tar.gz,NA,,
5.008.001.005,testing,5.8.1-RC5,https://cpan.metacpan.org/authors/id/J/JH/JHI/perl-5.8.1-RC5.tar.gz,NA,,
5.008.001.004,testing,5.8.1-RC4,https://cpan.metacpan.org/authors/id/J/JH/JHI/perl-5.8.1-RC4.tar.gz,NA,,
5.008.001.003,testing,5.8.1-RC3,https://cpan.metacpan.org/authors/id/J/JH/JHI/perl-5.8.1-RC3.tar.gz,NA,,
5.008.001.002,testing,5.8.1-RC2,https://cpan.metacpan.org/authors/id/J/JH/JHI/perl-5.8.1-RC2.tar.gz,NA,,
5.008.001.001,testing,5.8.1-RC1,https://cpan.metacpan.org/authors/id/J/JH/JHI/perl-5.8.1-RC1.tgz,NA,,
